<?xml version="1.0" encoding="utf-8" standalone="no" ?>
<!-- 
	Usage:

	To localize the description, use the following format for the description element.
	<description>
	<text xml:lang="en">English App description goes here</text>
	<text xml:lang="fr">French App description goes here</text>
	<text xml:lang="ja">Japanese App description goes here</text>
	</description>

	To localize the name, use the following format for the name element.
	<name>
	<text xml:lang="en">English App name goes here</text>
	<text xml:lang="fr">French App name goes here</text>
	<text xml:lang="ja">Japanese App name goes here</text>
	</name>
-->
<application xmlns="http://ns.adobe.com/air/application/33.1">
  <id>OpenSeaToolV095</id>
  <versionNumber>0.9.5</versionNumber>
  <filename>OpenSea Uploading Tool V0.9.5</filename>
  <description/>
  <name>OpenSea Uploading Tool V0.9.5</name>
  <copyright>2022</copyright>
  <initialWindow>
    <content>OpenSea%20Uploading%20Tool.swf</content>
    <systemChrome>standard</systemChrome>
    <transparent>false</transparent>
    <visible>true</visible>
    <fullScreen>false</fullScreen>
    <aspectRatio>portrait</aspectRatio>
    <renderMode>auto</renderMode>
    <maximizable>true</maximizable>
    <minimizable>true</minimizable>
    <resizable>true</resizable>
  </initialWindow>
  <icon>
    <image16x16>final/openseatool/icons/16.png</image16x16>
    <image32x32>final/openseatool/icons/32.png</image32x32>
    <image48x48>final/openseatool/icons/48.png</image48x48>
    <image128x128>final/openseatool/icons/128.png</image128x128>
  </icon>
  <customUpdateUI>false</customUpdateUI>
  <allowBrowserInvocation>false</allowBrowserInvocation>
</application>
